{
    "T": 5000000,
    "integrator": "euler_maruyama2D",
    "V": "softQuadrupleWell2D",
    "tau": 1,
    "time_transform": true,
    "stepsizes": [
        0.0031622776601683794,
        0.00527499706370262,
        0.008799225435691074,
        0.014677992676220698,
        0.024484367468222266,
        0.04084238652674522,
        0.06812920690579612,
        0.11364636663857249,
        0.1895735652406376,
        0.31622776601683794
    ],
    "y_bins": [
        -3.0,
        -2.8,
        -2.6,
        -2.4,
        -2.2,
        -2.0,
        -1.8,
        -1.6,
        -1.4,
        -1.2,
        -1.0,
        -0.8,
        -0.6,
        -0.4,
        -0.2,
        0.0,
        0.2,
        0.4,
        0.6,
        0.8,
        1.0,
        1.2,
        1.4,
        1.6,
        1.8,
        2.0,
        2.2,
        2.4,
        2.6,
        2.8,
        3.0
    ],
    "num_repeats": 12,
    "D": "DmoroCardin",
    "target_uncertainty": null,
    "x_bins": [
        -3.0,
        -2.8,
        -2.6,
        -2.4,
        -2.2,
        -2.0,
        -1.8,
        -1.6,
        -1.4,
        -1.2,
        -1.0,
        -0.8,
        -0.6,
        -0.4,
        -0.2,
        0.0,
        0.2,
        0.4,
        0.6,
        0.8,
        1.0,
        1.2,
        1.4,
        1.6,
        1.8,
        2.0,
        2.2,
        2.4,
        2.6,
        2.8,
        3.0
    ],
    "chunk_size": 1000000
}
